Date,Product,Quantity,Price,Customer
2023-01-22,Product_2,5,94.69336190173658,Customer_23
2023-11-24,Product_3,9,23.949452926916535,Customer_4
2023-05-10,Product_7,5,38.40955210022239,Customer_76
2023-05-28,Product_4,3,78.65872401318283,Customer_59
2023-12-24,Product_5,1,58.49143147321405,Customer_46
2023-02-09,Product_7,9,43.05467523851391,Customer_8
2023-08-13,Product_5,2,55.9080832362953,Customer_91
2023-09-04,Product_6,3,36.7129853902813,Customer_82
2023-03-11,Product_10,10,72.36571167425535,Customer_10
2023-07-06,Product_10,6,15.042437381171029,Customer_48
2023-03-18,Product_1,5,60.82074102427372,Customer_9
2023-03-17,Product_1,9,75.41278278547419,Customer_39
2023-11-04,Product_4,2,46.70789343449017,Customer_91
2023-12-19,Product_7,10,51.43089540510008,Customer_54
2023-02-04,Product_7,7,47.91017684745835,Customer_27
2023-07-24,Product_6,10,75.15483201374612,Customer_8
2023-05-28,Product_10,8,91.26371745764364,Customer_46
2023-04-10,Product_10,4,99.0845552311214,Customer_16
2023-01-22,Product_1,3,47.98639388245966,Customer_45
2023-10-25,Product_1,10,68.62037962051738,Customer_10
2023-02-25,Product_1,4,92.55837997727824,Customer_26
2023-01-11,Product_7,1,63.711590493432354,Customer_83
2023-01-01,Product_9,2,16.883719784766818,Customer_40
2023-07-02,Product_9,6,13.042231345224351,Customer_79
2023-11-23,Product_6,9,37.05667442086956,Customer_1
2023-02-16,Product_8,4,23.338755083237615,Customer_29
2023-03-07,Product_5,5,29.21501004975417,Customer_51
2023-12-03,Product_9,7,68.85437974052756,Customer_91
2023-04-01,Product_1,3,46.27233043028985,Customer_39
2023-10-21,Product_4,1,57.89144901283977,Customer_64
2023-05-26,Product_8,9,82.46338095075423,Customer_53
2023-11-14,Product_5,9,64.51951979429094,Customer_10
2023-07-09,Product_9,10,87.12860685502216,Customer_94
2023-12-05,Product_5,6,44.43915934052941,Customer_71
2023-02-08,Product_5,6,92.22578315275591,Customer_86
2023-12-24,Product_5,8,30.666352526378702,Customer_94
2023-08-20,Product_3,5,43.06706546020306,Customer_11
2023-03-03,Product_5,9,12.318427745966684,Customer_51
2023-10-02,Product_3,6,57.11878502514521,Customer_79
2023-01-20,Product_6,4,46.50723194495605,Customer_75
2023-07-23,Product_4,1,31.18395482292678,Customer_88
2023-12-20,Product_1,1,62.2557922984557,Customer_86
2023-08-16,Product_8,9,96.4525031857666,Customer_79
2023-05-07,Product_1,7,60.43570563863761,Customer_95
2023-07-17,Product_5,3,93.09810093009499,Customer_65
2023-04-11,Product_2,7,78.13461413723405,Customer_70
2023-03-04,Product_9,10,81.90377827940627,Customer_29
2023-06-15,Product_6,9,38.637782432928994,Customer_56
2023-02-17,Product_8,10,47.4986685248156,Customer_28
2023-04-14,Product_3,7,59.03937697358581,Customer_96
2023-09-02,Product_2,6,94.12408597349454,Customer_1
2023-03-03,Product_2,7,21.24530721825795,Customer_87
2023-07-12,Product_4,10,31.01030354713268,Customer_7
2023-06-18,Product_2,3,78.51799345933428,Customer_79
2023-02-04,Product_4,9,14.135797310987204,Customer_49
2023-03-27,Product_7,4,55.63467498415299,Customer_80
2023-03-04,Product_7,5,55.03125249619185,Customer_37
2023-08-13,Product_6,7,24.676361155982264,Customer_84
2023-04-24,Product_1,5,18.28271402391941,Customer_19
2023-05-09,Product_6,9,67.41240739835263,Customer_53
2023-10-24,Product_7,4,68.10554284317455,Customer_91
2023-05-09,Product_5,9,97.1396405070353,Customer_5
2023-02-28,Product_10,9,74.47205056205473,Customer_20
2023-04-01,Product_1,5,98.2270606472797,Customer_57
2023-09-10,Product_2,1,65.36346279822126,Customer_66
2023-09-15,Product_3,6,10.338906293851192,Customer_95
2023-07-06,Product_6,3,50.562199600708325,Customer_66
2023-06-22,Product_4,9,79.96388416711328,Customer_30
2023-10-14,Product_9,3,73.94746671988074,Customer_91
2023-07-24,Product_1,1,76.56520927306711,Customer_72
2023-08-02,Product_2,9,79.52300795703017,Customer_20
2023-04-07,Product_10,10,92.56385864510648,Customer_90
2023-09-24,Product_9,4,47.663340259827066,Customer_37
2023-10-14,Product_8,7,33.738561240148584,Customer_91
2023-09-02,Product_6,9,77.0722655170725,Customer_43
2023-08-18,Product_5,7,54.062726173171846,Customer_13
2023-12-06,Product_1,7,40.746414306440215,Customer_36
2023-08-04,Product_1,6,56.3007985632542,Customer_66
2023-10-03,Product_4,5,96.2250577811092,Customer_36
2023-08-10,Product_10,5,48.02666845057703,Customer_36
2023-05-25,Product_6,1,98.90080137756819,Customer_51
2023-07-10,Product_2,9,91.7209241559661,Customer_77
2023-12-18,Product_8,8,85.66473977097566,Customer_61
2023-03-12,Product_6,8,73.06499238584664,Customer_39
2023-12-04,Product_9,2,37.58244392722534,Customer_65
2023-01-03,Product_10,7,15.748902994853378,Customer_86
2023-12-24,Product_8,5,13.316335661590834,Customer_42
2023-08-19,Product_10,1,99.96257176409922,Customer_11
2023-05-06,Product_1,4,63.6190941361499,Customer_20
2023-06-12,Product_10,5,34.22407119465565,Customer_1
2023-09-27,Product_3,7,26.22659996332896,Customer_85
2023-01-25,Product_10,3,89.60722885976072,Customer_33
2023-04-12,Product_1,5,86.61786828079508,Customer_54
2023-08-14,Product_10,8,48.686107710562645,Customer_55
2023-09-17,Product_10,7,20.809589895286436,Customer_29
2023-07-07,Product_1,3,97.20491214383594,Customer_99
2023-01-04,Product_5,8,61.123401465511,Customer_67
2023-12-09,Product_3,2,18.635926717683596,Customer_41
2023-11-23,Product_3,5,52.26079893419824,Customer_41
2023-11-22,Product_8,5,64.18737260953446,Customer_18
2023-03-03,Product_7,5,33.49613999976713,Customer_78
2023-07-21,Product_6,5,77.06221740753858,Customer_22
2023-05-11,Product_10,3,27.433858053397874,Customer_78
2023-04-08,Product_3,1,17.566157158370054,Customer_68
2023-04-03,Product_6,4,97.61844134688545,Customer_53
2023-10-12,Product_5,10,39.31263165668969,Customer_73
2023-12-12,Product_7,8,16.930385072707228,Customer_62
2023-08-26,Product_1,2,68.49041972283464,Customer_66
2023-10-20,Product_9,4,77.37880791934658,Customer_11
2023-12-23,Product_2,7,90.51263523941121,Customer_48
2023-08-17,Product_3,4,45.756302922528036,Customer_49
2023-12-07,Product_8,6,74.26779150167943,Customer_74
2023-10-05,Product_4,5,37.10377312290056,Customer_66
2023-09-15,Product_8,6,58.43399446811975,Customer_89
2023-08-19,Product_3,6,64.24657836860317,Customer_24
2023-07-03,Product_4,9,31.320004514828064,Customer_13
2023-10-08,Product_7,8,85.30021270697189,Customer_49
2023-11-26,Product_4,10,28.817357450504648,Customer_68
2023-01-12,Product_2,6,54.887947001103065,Customer_21
2023-09-01,Product_2,8,39.92293342698814,Customer_86
2023-11-06,Product_6,10,20.5676527507068,Customer_76
2023-12-15,Product_2,10,68.93015727307781,Customer_85
2023-07-28,Product_1,1,59.93476095983153,Customer_24
2023-04-01,Product_3,8,27.893945299080567,Customer_57
2023-03-07,Product_7,10,35.43941456809246,Customer_1
2023-07-26,Product_5,9,61.86461388745445,Customer_18
2023-03-20,Product_9,7,24.901628662189943,Customer_20
2023-02-17,Product_9,2,80.54035741709502,Customer_11
2023-12-17,Product_9,6,86.38144937450862,Customer_47
2023-07-28,Product_3,5,58.59554613651119,Customer_38
2023-01-05,Product_1,7,72.85445701492031,Customer_54
2023-07-19,Product_5,7,72.59783839500028,Customer_18
2023-10-23,Product_9,7,17.323925854201118,Customer_60
2023-02-08,Product_9,3,10.138414764019704,Customer_40
2023-01-04,Product_7,2,39.24696951295655,Customer_31
2023-07-04,Product_3,9,14.007712499524741,Customer_42
2023-04-17,Product_1,1,81.81990887977975,Customer_65
2023-08-18,Product_8,10,85.05870809287684,Customer_42
2023-05-23,Product_4,3,69.59673344867096,Customer_66
2023-01-11,Product_3,2,65.12575140290664,Customer_72
2023-03-22,Product_2,2,24.24587863765573,Customer_83
2023-07-01,Product_4,7,96.93272358589977,Customer_75
2023-03-05,Product_5,4,84.19724714885128,Customer_92
2023-10-20,Product_7,8,26.302237248245394,Customer_66
2023-02-04,Product_10,5,34.59314283963319,Customer_77
2023-06-08,Product_1,10,88.31398613220465,Customer_74
2023-04-28,Product_5,7,93.07559964801642,Customer_16
2023-01-23,Product_10,3,76.48124407354321,Customer_80
2023-09-27,Product_7,10,18.93781891083229,Customer_34
2023-02-15,Product_6,3,61.99533326689661,Customer_26
2023-05-17,Product_7,2,51.350692332340536,Customer_70
2023-09-16,Product_7,8,47.27285196491127,Customer_42
2023-10-18,Product_7,1,36.44082979727726,Customer_26
2023-07-21,Product_10,2,27.093086029989752,Customer_69
2023-08-25,Product_3,9,53.67265373580121,Customer_57
2023-05-21,Product_4,5,75.01933351379903,Customer_2
2023-12-27,Product_3,6,54.18403950304846,Customer_64
2023-03-21,Product_10,6,43.02318505448124,Customer_57
2023-12-28,Product_4,6,30.933986228848095,Customer_4
2023-11-14,Product_8,5,12.009428028953582,Customer_45
2023-02-10,Product_5,8,33.04132014416575,Customer_36
2023-12-11,Product_4,1,17.849523600722293,Customer_58
2023-09-05,Product_4,8,13.854060222632459,Customer_56
2023-01-22,Product_4,8,53.52337006874909,Customer_71
2023-02-18,Product_8,2,23.482240900286673,Customer_80
2023-07-28,Product_9,6,59.07773943169595,Customer_17
2023-04-25,Product_9,4,20.07812678268342,Customer_49
2023-10-22,Product_4,5,58.81951266862968,Customer_80
2023-12-13,Product_7,6,98.72151390126818,Customer_57
2023-09-16,Product_4,10,58.55801813707776,Customer_59
2023-12-17,Product_4,8,51.997112785307294,Customer_59
2023-12-16,Product_3,9,14.550909460492527,Customer_43
2023-04-01,Product_10,8,47.4341354318349,Customer_69
2023-11-21,Product_9,7,94.95904136914562,Customer_65
2023-11-11,Product_8,9,72.05609651013566,Customer_60
2023-02-18,Product_1,1,46.26978400162901,Customer_98
2023-10-05,Product_3,1,18.46888729759725,Customer_20
2023-08-17,Product_7,7,79.69845276700647,Customer_83
2023-11-16,Product_7,9,41.57334529185053,Customer_62
2023-11-22,Product_10,5,51.58911686219913,Customer_31
2023-03-24,Product_1,9,17.571050887548253,Customer_92
2023-09-07,Product_1,7,77.06645026311702,Customer_67
2023-02-20,Product_9,6,15.137298826964063,Customer_5
2023-04-03,Product_9,7,73.90375239335808,Customer_53
2023-06-02,Product_10,7,99.23416214215287,Customer_43
2023-09-19,Product_7,9,14.737153414700352,Customer_49
2023-06-10,Product_8,10,37.40765003531844,Customer_92
2023-09-08,Product_2,6,76.09645154602555,Customer_88
2023-10-23,Product_6,8,88.9269016114907,Customer_60
2023-10-11,Product_2,7,78.01820349557401,Customer_66
2023-07-02,Product_8,8,21.22007370582313,Customer_19
2023-06-27,Product_5,3,81.53279475206762,Customer_31
2023-09-08,Product_3,1,46.56760795521011,Customer_19
2023-10-11,Product_6,3,89.75241949806188,Customer_7
2023-09-15,Product_3,3,92.68195754567991,Customer_55
2023-09-04,Product_3,7,49.20819270411456,Customer_1
2023-04-16,Product_4,1,87.12830009952965,Customer_7
2023-01-15,Product_8,5,65.0054801711735,Customer_43
2023-05-16,Product_3,6,31.65694580138338,Customer_19
2023-07-26,Product_10,8,45.56665443570233,Customer_4
2023-02-16,Product_7,2,70.40287795546726,Customer_29
2023-08-07,Product_10,9,28.15901317756293,Customer_42
2023-10-06,Product_5,6,52.3847594890785,Customer_100
2023-07-28,Product_2,7,24.213067634574358,Customer_8
2023-01-25,Product_7,10,73.27932966558836,Customer_59
2023-12-14,Product_10,4,31.00375132558752,Customer_31
2023-05-18,Product_3,10,84.84226478479637,Customer_35
2023-08-10,Product_1,7,33.67539619577603,Customer_64
2023-02-18,Product_10,6,26.576498572550634,Customer_44
2023-12-11,Product_5,7,65.42192891268701,Customer_6
2023-11-15,Product_9,10,11.953867416739161,Customer_15
2023-09-03,Product_7,3,65.35784010410289,Customer_34
2023-08-26,Product_6,6,97.00162517181883,Customer_26
2023-10-27,Product_5,3,52.69886604005179,Customer_29
2023-07-16,Product_5,2,45.80128477233338,Customer_11
2023-05-11,Product_5,10,38.24946544895989,Customer_30
2023-02-06,Product_8,3,74.07559225232451,Customer_67
2023-08-12,Product_10,5,56.53257691165351,Customer_21
2023-11-14,Product_1,10,27.83074402219886,Customer_84
2023-08-03,Product_1,4,55.01177882529637,Customer_39
2023-05-26,Product_6,5,19.302555650969264,Customer_78
2023-02-02,Product_1,1,85.78551585919465,Customer_93
2023-07-27,Product_10,3,40.36102821165811,Customer_59
2023-02-28,Product_6,4,84.33726083531451,Customer_5
2023-06-11,Product_5,7,45.02536988890141,Customer_39
2023-01-10,Product_1,7,56.799392716585636,Customer_17
2023-07-15,Product_9,8,11.368846297929265,Customer_45
2023-05-07,Product_10,9,40.34230551170337,Customer_43
2023-05-15,Product_4,5,93.92994655583296,Customer_32
2023-02-03,Product_8,9,48.90066335410704,Customer_76
2023-07-07,Product_5,3,94.94787184550918,Customer_8
2023-07-24,Product_1,7,71.58392324945024,Customer_85
2023-09-09,Product_5,9,63.29139973858443,Customer_31
2023-06-27,Product_2,8,10.458201367550137,Customer_66
2023-10-24,Product_4,2,94.69078448890951,Customer_78
2023-07-10,Product_9,6,87.47458913815511,Customer_70
2023-06-12,Product_7,2,94.08001137941041,Customer_5
2023-06-02,Product_5,4,21.71838826525775,Customer_63
2023-09-08,Product_7,8,19.873743689514782,Customer_50
2023-04-13,Product_10,4,46.79102197459767,Customer_21
2023-08-17,Product_7,8,62.27449075757061,Customer_87
2023-06-23,Product_1,3,23.44711169280542,Customer_2
2023-09-17,Product_5,6,30.192692492889858,Customer_68
2023-11-25,Product_9,1,53.70611653644977,Customer_75
2023-01-15,Product_2,10,37.383037551322076,Customer_67
2023-10-19,Product_4,2,39.031991691348665,Customer_81
2023-10-08,Product_9,6,89.96026801733716,Customer_59
2023-01-23,Product_10,3,15.519648393281162,Customer_88
2023-07-16,Product_9,10,30.284294171759054,Customer_91
2023-07-01,Product_5,3,76.25092527554806,Customer_52
2023-01-14,Product_3,7,88.96890698028446,Customer_28
2023-06-26,Product_2,2,71.16110929366313,Customer_91
2023-11-05,Product_1,7,43.64693702185064,Customer_47
2023-05-25,Product_5,4,33.47069857111003,Customer_18
2023-08-03,Product_5,4,31.121479658462157,Customer_56
2023-07-09,Product_1,8,36.94310455755522,Customer_14
2023-08-10,Product_3,5,61.73019140490623,Customer_66
2023-05-26,Product_5,1,63.79455902100915,Customer_40
2023-04-27,Product_5,5,38.35961273302762,Customer_64
2023-07-08,Product_2,7,67.58236007808216,Customer_28
2023-07-06,Product_1,3,51.706389561963384,Customer_23
2023-04-25,Product_7,7,95.83239576813159,Customer_27
2023-07-16,Product_1,8,93.1635506609525,Customer_27
2023-09-02,Product_8,1,39.522077572591755,Customer_65
2023-11-11,Product_5,8,53.51161141411798,Customer_94
2023-11-05,Product_9,4,35.39131427938918,Customer_9
2023-01-22,Product_8,6,98.2714397417521,Customer_50
2023-11-19,Product_6,3,77.1985588758023,Customer_81
2023-04-10,Product_3,1,69.38902292076244,Customer_56
2023-03-22,Product_7,5,39.01790593161112,Customer_36
2023-02-10,Product_4,5,96.86745616003445,Customer_75
2023-07-16,Product_3,5,85.87953894381022,Customer_99
2023-11-10,Product_1,2,75.15576118879461,Customer_84
2023-09-22,Product_7,2,75.36404581186747,Customer_20
2023-07-13,Product_10,9,78.90993953428487,Customer_75
2023-01-26,Product_5,7,53.22142519058811,Customer_37
2023-03-24,Product_5,10,36.990655034024854,Customer_14
2023-07-21,Product_9,5,10.081176729939724,Customer_22
2023-09-16,Product_7,7,53.183841696247704,Customer_81
2023-12-16,Product_5,7,96.63334937970438,Customer_5
2023-06-05,Product_3,3,75.97498509972469,Customer_42
2023-10-20,Product_8,4,37.7356804115511,Customer_41
2023-02-21,Product_2,10,93.81116173893167,Customer_70
2023-06-01,Product_6,2,69.20085884578268,Customer_63
2023-12-28,Product_2,10,95.45741048829635,Customer_67
2023-12-17,Product_5,3,84.73357577531345,Customer_89
2023-10-19,Product_10,5,56.39240930835036,Customer_37
2023-09-01,Product_2,6,98.63595246899884,Customer_38
2023-01-19,Product_10,1,84.81619258442487,Customer_64
2023-05-06,Product_2,10,20.18996695183214,Customer_54
2023-12-23,Product_10,9,12.104180191290864,Customer_33
2023-09-15,Product_5,10,46.40350459939017,Customer_100
2023-12-09,Product_6,5,44.65750039925289,Customer_21
2023-12-27,Product_5,10,67.04336448951149,Customer_10
2023-09-04,Product_5,7,72.7563888289896,Customer_60
2023-05-11,Product_3,1,72.24984604596685,Customer_7
2023-01-18,Product_6,10,53.93967835297701,Customer_24
2023-03-14,Product_5,3,82.62361490940577,Customer_43
2023-06-03,Product_7,7,87.18287964332441,Customer_100
2023-02-28,Product_2,7,23.336332020570026,Customer_22
2023-12-28,Product_4,2,48.00473227551713,Customer_38
2023-09-12,Product_2,10,95.39754447778036,Customer_35
2023-07-18,Product_4,9,54.15175134994977,Customer_11
2023-05-23,Product_3,5,13.816901759959084,Customer_7
2023-06-19,Product_1,7,24.128848849183534,Customer_56
2023-10-17,Product_6,1,99.53347274366449,Customer_38
2023-04-13,Product_9,3,43.250580420382306,Customer_19
2023-04-05,Product_5,9,19.856577707836,Customer_3
2023-08-18,Product_1,10,94.8960362868909,Customer_32
2023-03-12,Product_5,8,89.8755854749415,Customer_82
2023-12-12,Product_2,4,55.49411478311478,Customer_88
2023-08-24,Product_5,9,46.84412578908562,Customer_24
2023-09-28,Product_1,5,71.72778406702952,Customer_57
2023-02-18,Product_4,8,90.44243186669571,Customer_78
2023-09-15,Product_9,5,45.50529256828956,Customer_73
2023-02-07,Product_9,1,51.80390709851413,Customer_95
2023-01-09,Product_8,4,79.59473968162577,Customer_94
2023-12-09,Product_8,10,90.66180970263456,Customer_58
2023-04-15,Product_3,10,21.028336091744272,Customer_93
2023-12-11,Product_9,3,30.949285962542987,Customer_70
2023-01-04,Product_3,4,36.473809983662065,Customer_77
2023-07-09,Product_4,1,71.77305976960085,Customer_95
2023-07-21,Product_8,10,61.19637658453969,Customer_15
2023-04-26,Product_5,8,30.17016409917404,Customer_18
2023-08-12,Product_5,5,83.89346346727989,Customer_17
2023-02-28,Product_4,6,84.50727171409535,Customer_87
2023-11-04,Product_6,5,19.977381156055422,Customer_49
2023-06-07,Product_10,2,12.126835433753605,Customer_57
2023-02-10,Product_9,6,75.62183365292286,Customer_60
2023-05-25,Product_1,8,44.406070560583785,Customer_47
2023-12-10,Product_1,6,35.271847125324655,Customer_56
2023-03-10,Product_8,10,91.9124690474945,Customer_68
2023-05-05,Product_7,1,49.016373691298554,Customer_77
2023-11-06,Product_6,3,83.833438789915,Customer_7
2023-12-26,Product_3,1,35.2105030452699,Customer_23
2023-02-10,Product_10,10,60.07756619046272,Customer_71
2023-11-10,Product_4,6,99.53724675624407,Customer_12
2023-04-09,Product_1,5,81.25909916325367,Customer_51
2023-05-07,Product_1,4,41.98458922088934,Customer_12
2023-09-21,Product_1,3,50.11861140211328,Customer_3
2023-02-15,Product_7,2,70.91524299869351,Customer_45
2023-11-15,Product_4,1,12.639438970334165,Customer_61
2023-10-15,Product_9,3,68.2175319475029,Customer_68
2023-12-19,Product_4,3,32.34138336911325,Customer_93
2023-09-10,Product_5,7,49.03983533425973,Customer_59
2023-07-18,Product_6,2,80.34733405118003,Customer_22
2023-03-24,Product_10,4,30.532543934714447,Customer_6
2023-11-15,Product_5,10,57.70831519366261,Customer_26
2023-04-01,Product_2,2,34.63287506933452,Customer_6
2023-12-21,Product_4,7,79.92883363968926,Customer_53
2023-05-15,Product_10,3,88.4873024509406,Customer_42
2023-09-04,Product_5,5,25.017197140083496,Customer_52
2023-06-11,Product_5,3,95.79966084892094,Customer_14
2023-11-05,Product_7,4,77.47236613185879,Customer_70
2023-06-02,Product_1,7,36.39734833013303,Customer_48
2023-03-01,Product_7,2,88.19807839445544,Customer_20
2023-02-12,Product_8,1,22.313230409307664,Customer_57
2023-08-13,Product_10,10,25.159179963947025,Customer_24
2023-05-27,Product_6,4,62.19120725685113,Customer_42
2023-03-26,Product_6,2,32.17728332069359,Customer_13
2023-08-14,Product_10,3,48.12490040689149,Customer_99
2023-06-19,Product_4,7,19.40391332358911,Customer_13
2023-04-20,Product_3,5,23.699258642911506,Customer_59
2023-03-03,Product_5,7,32.505810692166165,Customer_7
2023-10-04,Product_8,5,49.64368921290537,Customer_7
2023-04-10,Product_1,1,83.88198351433016,Customer_53
2023-11-05,Product_4,2,94.14022464277198,Customer_26
2023-05-27,Product_7,7,68.3046653967361,Customer_71
2023-07-24,Product_9,3,40.54277964548748,Customer_44
2023-11-26,Product_2,5,39.626147863705015,Customer_61
2023-09-19,Product_1,3,93.58274881595462,Customer_10
2023-12-19,Product_4,1,38.27068722460312,Customer_63
2023-08-20,Product_8,3,32.79710863445582,Customer_22
2023-11-01,Product_1,4,54.08153173915029,Customer_38
2023-10-23,Product_2,3,22.628886685313248,Customer_51
2023-03-28,Product_6,3,80.11334623012674,Customer_1
2023-01-14,Product_1,6,10.169149146629534,Customer_91
2023-05-01,Product_1,8,53.199681317381085,Customer_77
2023-08-11,Product_5,1,31.06587398996948,Customer_70
2023-06-07,Product_7,10,35.818383182481,Customer_9
2023-07-19,Product_10,1,72.15103329756272,Customer_26
2023-01-15,Product_1,8,58.18792697219572,Customer_57
2023-07-28,Product_3,3,21.39490952842493,Customer_31
2023-06-20,Product_6,8,52.80119078733417,Customer_93
2023-04-11,Product_8,7,56.19137629656992,Customer_58
2023-05-04,Product_5,3,12.58251592570036,Customer_71
2023-02-08,Product_10,2,48.37515816925057,Customer_22
2023-09-20,Product_6,7,25.332209324276015,Customer_43
2023-04-06,Product_2,6,89.98832264311748,Customer_60
2023-02-08,Product_2,10,79.19654879999764,Customer_93
2023-10-04,Product_5,5,27.147773933627928,Customer_13
2023-11-26,Product_2,10,94.85856569441934,Customer_73
2023-08-12,Product_9,2,38.44524266061766,Customer_24
2023-02-16,Product_7,10,25.878821193507967,Customer_86
2023-06-27,Product_4,4,73.2996301745049,Customer_5
2023-09-28,Product_4,3,89.5651763261448,Customer_29
2023-08-13,Product_3,8,59.35572781669883,Customer_41
2023-01-13,Product_3,2,96.11665668712683,Customer_24
2023-09-04,Product_2,5,91.06138885361196,Customer_31
2023-11-08,Product_6,6,27.8788326383535,Customer_58
2023-06-08,Product_5,9,90.60616175584633,Customer_69
2023-12-22,Product_8,6,34.02755890245557,Customer_5
2023-05-15,Product_1,4,67.07828621884153,Customer_48
2023-01-02,Product_1,3,58.153611685754,Customer_6
2023-11-28,Product_5,9,73.15862756243244,Customer_23
2023-07-22,Product_3,8,39.10165750834459,Customer_53
2023-10-05,Product_6,8,31.58297545615993,Customer_98
2023-05-13,Product_5,10,39.77965143936234,Customer_36
2023-02-01,Product_10,2,82.69922163929958,Customer_28
2023-06-23,Product_2,1,55.799889657457705,Customer_27
2023-01-19,Product_4,6,57.37345653976243,Customer_80
2023-08-04,Product_3,7,29.624743239827925,Customer_52
2023-02-28,Product_9,8,73.28152144641392,Customer_11
2023-01-05,Product_3,9,35.256804971207,Customer_53
2023-10-14,Product_3,9,88.77869756565619,Customer_64
2023-12-12,Product_6,6,21.334921437833184,Customer_87
2023-08-17,Product_2,10,46.42867626694401,Customer_51
2023-02-06,Product_6,9,46.446774473833244,Customer_50
2023-05-26,Product_7,6,96.04530289414878,Customer_29
2023-04-23,Product_7,8,80.28710574878372,Customer_16
2023-01-12,Product_10,3,97.45665290751136,Customer_93
2023-02-19,Product_9,9,90.0287776509733,Customer_82
2023-08-15,Product_5,1,50.27056353033483,Customer_14
2023-11-01,Product_4,9,83.86006268230489,Customer_34
2023-02-24,Product_10,2,48.2145073005499,Customer_80
2023-07-15,Product_1,5,84.53410856898516,Customer_15
2023-11-06,Product_5,4,94.56356242398226,Customer_95
2023-03-18,Product_4,2,55.132688244702216,Customer_1
2023-06-08,Product_1,3,94.48271571196291,Customer_58
2023-10-10,Product_4,5,36.17546577748766,Customer_70
2023-09-03,Product_10,9,48.10398952902224,Customer_80
2023-04-25,Product_1,10,40.052246320620554,Customer_28
2023-12-15,Product_9,1,75.43164612554486,Customer_86
2023-03-24,Product_8,10,73.4685403973041,Customer_42
2023-07-12,Product_7,9,93.90137416814424,Customer_89
2023-03-02,Product_2,1,45.19340540708652,Customer_78
2023-12-17,Product_3,4,58.26142067561806,Customer_9
2023-04-20,Product_2,5,82.8810154417028,Customer_75
2023-12-19,Product_8,5,92.56935606144303,Customer_20
2023-06-05,Product_6,4,38.123805047162676,Customer_4
2023-08-10,Product_1,1,50.81447294686126,Customer_63
2023-12-26,Product_2,5,81.17186208768175,Customer_78
2023-07-20,Product_8,5,13.5032143024532,Customer_55
2023-02-03,Product_2,10,35.39108079716746,Customer_55
2023-12-23,Product_10,8,89.81559462952184,Customer_41
2023-02-24,Product_5,1,97.38590616207664,Customer_87
2023-12-19,Product_3,8,69.17980655059993,Customer_11
2023-09-17,Product_5,2,18.05739827936911,Customer_64
2023-04-06,Product_10,7,87.17641865394434,Customer_57
2023-02-21,Product_5,2,42.55461712646908,Customer_26
2023-02-17,Product_5,7,60.93075492545864,Customer_8
2023-07-24,Product_9,5,56.76762772385515,Customer_82
2023-07-01,Product_2,8,40.97475366481683,Customer_8
2023-11-26,Product_2,3,33.09952607625526,Customer_26
2023-04-11,Product_2,6,32.061605520283294,Customer_41
2023-11-21,Product_4,2,49.67110494838089,Customer_12
2023-05-07,Product_6,10,58.7697400789997,Customer_24
2023-04-13,Product_5,8,85.9705461916372,Customer_26
2023-02-22,Product_6,9,70.2852297239462,Customer_59
2023-05-12,Product_10,3,78.96329908768152,Customer_62
2023-01-07,Product_1,8,68.85477947385412,Customer_45
2023-06-13,Product_8,6,95.40043941347001,Customer_66
2023-11-27,Product_1,4,55.44729964930367,Customer_22
2023-10-14,Product_10,10,65.52995521216621,Customer_21
2023-02-12,Product_4,1,16.93584523327564,Customer_18
2023-08-22,Product_2,3,64.56393717845157,Customer_46
2023-03-28,Product_7,2,52.75085658053523,Customer_40
2023-04-19,Product_2,1,67.42424843577109,Customer_83
2023-06-27,Product_6,2,21.81346605963283,Customer_44
2023-09-18,Product_8,3,78.33004283325862,Customer_91
2023-01-07,Product_1,2,15.58097917433437,Customer_92
2023-02-24,Product_7,5,90.57753410221628,Customer_24
2023-04-14,Product_10,3,68.46054747712694,Customer_57
2023-09-25,Product_6,4,77.83837514436188,Customer_4
2023-05-13,Product_10,7,15.80690658448477,Customer_10
2023-02-08,Product_6,7,42.433149731721784,Customer_24
2023-09-02,Product_6,8,88.3693876383318,Customer_82
2023-02-06,Product_10,3,36.38871320639049,Customer_91
2023-02-10,Product_5,2,91.536176515409,Customer_34
2023-02-16,Product_6,10,98.88690407881575,Customer_3
2023-11-23,Product_5,3,31.80242366206961,Customer_98
2023-09-12,Product_5,8,49.72802097134894,Customer_19
2023-11-19,Product_2,2,72.41670584840305,Customer_14
2023-12-09,Product_6,8,92.12681547006815,Customer_92
2023-12-06,Product_2,9,93.52119428216348,Customer_27
2023-09-10,Product_6,1,79.1823035511043,Customer_45
2023-12-16,Product_5,8,57.89154242680827,Customer_87
2023-06-18,Product_1,3,12.963347861324392,Customer_84
2023-01-25,Product_8,6,82.09050698290278,Customer_42
2023-08-06,Product_8,4,72.52959716166248,Customer_46
2023-04-01,Product_7,5,23.312845792285447,Customer_76
2023-05-09,Product_5,3,89.46441532447139,Customer_91
2023-11-22,Product_6,4,27.34365458983984,Customer_93
2023-06-12,Product_10,6,68.21547090743965,Customer_32
2023-01-01,Product_9,1,86.86651238409974,Customer_94
2023-04-05,Product_7,6,92.39752894057357,Customer_64
2023-11-02,Product_5,4,27.817986770950085,Customer_22
2023-01-07,Product_9,5,51.19091307006053,Customer_7
2023-05-01,Product_6,9,29.32726785609432,Customer_13
2023-04-21,Product_9,4,46.343429659015754,Customer_99
2023-08-25,Product_9,1,86.19124604678252,Customer_79
2023-05-20,Product_2,1,56.607703089063776,Customer_83
2023-11-08,Product_1,5,89.01394810313238,Customer_50
2023-02-21,Product_5,1,43.54933352822787,Customer_46
2023-07-15,Product_3,8,33.79782774993744,Customer_95
2023-06-21,Product_8,8,22.636674889117657,Customer_65
2023-08-16,Product_10,1,16.554536643120983,Customer_83
2023-06-20,Product_4,6,26.080844699024926,Customer_25
2023-01-27,Product_7,7,55.56687794624999,Customer_9
2023-01-10,Product_6,2,24.034930473071714,Customer_46
2023-01-28,Product_2,5,97.24525575119853,Customer_37
2023-08-21,Product_8,1,62.78732675765216,Customer_87
2023-12-10,Product_7,2,82.33132027500673,Customer_19
2023-10-20,Product_9,1,73.42927671400034,Customer_30
2023-06-11,Product_6,5,87.85852695818876,Customer_47
2023-03-15,Product_5,8,60.00396384449795,Customer_61
2023-03-06,Product_10,8,90.94408908088326,Customer_91
2023-06-14,Product_1,9,60.33715191168802,Customer_32
2023-11-19,Product_10,2,48.24546490024815,Customer_100
2023-11-09,Product_8,2,11.115813225333953,Customer_95
2023-04-27,Product_6,5,94.89867513352209,Customer_23
2023-03-26,Product_3,5,98.00096998127228,Customer_56
2023-11-02,Product_4,1,47.18364478472403,Customer_71
2023-07-21,Product_5,3,80.3951084137471,Customer_73
2023-10-27,Product_9,4,93.26683213289762,Customer_11
2023-02-13,Product_3,2,81.50015008654478,Customer_94
2023-03-13,Product_10,7,95.0129662274717,Customer_66
2023-05-20,Product_5,10,90.86386453753303,Customer_63
2023-04-12,Product_9,1,82.6276704050355,Customer_45
2023-12-01,Product_7,5,48.552203202284915,Customer_94
2023-07-25,Product_9,3,92.1360252702272,Customer_56
2023-11-08,Product_10,10,18.97251644838767,Customer_71
2023-12-04,Product_7,8,91.25506171391389,Customer_23
2023-04-01,Product_1,8,37.68035661762281,Customer_30
2023-02-17,Product_5,1,95.02617715310124,Customer_67
2023-05-19,Product_5,6,92.42180359989045,Customer_87
2023-02-05,Product_7,6,29.777257628542756,Customer_41
2023-11-01,Product_10,3,17.762915130183284,Customer_35
2023-03-13,Product_10,6,70.76954134367992,Customer_15
2023-06-28,Product_3,5,75.92563761790845,Customer_68
2023-12-28,Product_8,5,78.69979039107018,Customer_21
2023-06-02,Product_9,10,27.771104339859576,Customer_51
2023-03-11,Product_5,2,92.00512498660206,Customer_56
2023-02-15,Product_2,10,99.4327631177144,Customer_59
2023-04-15,Product_10,3,78.72588576841892,Customer_69
2023-11-14,Product_7,7,62.06739850038636,Customer_62
2023-03-10,Product_8,2,71.77759086327546,Customer_63
2023-08-12,Product_7,7,53.64552191995714,Customer_21
2023-04-01,Product_7,8,52.370925502024235,Customer_8
2023-10-11,Product_2,3,17.658894343728903,Customer_24
2023-05-05,Product_3,6,48.686180842591625,Customer_4
2023-01-26,Product_6,10,60.527798017314986,Customer_35
2023-02-25,Product_7,7,64.51915114840912,Customer_45
2023-07-07,Product_7,7,45.634209791497724,Customer_94
2023-07-04,Product_4,1,61.00638312642399,Customer_60
2023-05-18,Product_4,4,35.97240277759224,Customer_16
2023-09-14,Product_1,8,55.64055939144906,Customer_81
2023-04-07,Product_6,6,15.536528702525505,Customer_50
2023-10-27,Product_9,7,32.768582467680915,Customer_64
2023-03-08,Product_3,3,89.7171356334142,Customer_86
2023-10-13,Product_4,7,55.33814150111774,Customer_39
2023-03-21,Product_6,10,59.46864966824908,Customer_24
2023-11-26,Product_9,9,10.855352210799222,Customer_19
2023-03-07,Product_8,5,50.183854602148486,Customer_77
2023-02-02,Product_10,8,18.115711263999884,Customer_50
2023-05-18,Product_9,4,66.5761238914375,Customer_41
2023-10-23,Product_10,8,21.064407919041187,Customer_26
2023-04-02,Product_9,5,70.46680498759233,Customer_62
2023-08-26,Product_4,10,52.39874703430955,Customer_4
2023-11-16,Product_1,2,14.649284004654394,Customer_87
2023-02-28,Product_1,3,41.47775541630932,Customer_66
2023-04-24,Product_2,8,55.75569044385833,Customer_14
2023-08-06,Product_5,4,98.19648259746232,Customer_44
2023-04-04,Product_1,1,77.84312074169758,Customer_81
2023-10-02,Product_5,5,78.39646886545714,Customer_93
2023-01-28,Product_1,3,27.079314562014595,Customer_41
2023-11-08,Product_5,10,10.701785970645684,Customer_23
2023-05-17,Product_8,5,48.80683808417267,Customer_54
2023-07-19,Product_9,1,91.96952472457174,Customer_44
2023-07-13,Product_4,4,40.934514315338674,Customer_69
2023-04-27,Product_7,9,91.80818572283073,Customer_11
2023-07-14,Product_1,3,44.10949212082517,Customer_3
2023-09-07,Product_4,5,87.49089535369215,Customer_48
2023-12-11,Product_3,7,91.93906058878643,Customer_82
2023-07-25,Product_10,2,84.84511586324679,Customer_49
2023-11-14,Product_3,1,18.815821648205606,Customer_26
2023-09-28,Product_7,4,98.11115532794287,Customer_53
2023-02-13,Product_9,1,49.855547767179345,Customer_59
2023-02-16,Product_4,5,20.28354841240003,Customer_62
2023-05-16,Product_5,8,47.335292410567384,Customer_25
2023-01-06,Product_3,9,28.40364748096572,Customer_67
2023-01-11,Product_10,5,59.141675565683805,Customer_96
2023-06-05,Product_3,2,10.174922903997755,Customer_79
2023-01-07,Product_3,1,70.24287859477894,Customer_8
2023-02-03,Product_6,2,29.237037716481144,Customer_4
2023-06-04,Product_4,8,93.3933831875245,Customer_82
2023-10-13,Product_9,7,86.5868977976388,Customer_61
2023-03-01,Product_2,3,86.84891096231688,Customer_79
2023-10-05,Product_7,8,48.25473783344089,Customer_62
2023-06-22,Product_5,4,32.86671572770048,Customer_71
2023-12-11,Product_4,3,34.287006848109456,Customer_95
2023-05-09,Product_4,8,65.58629143598169,Customer_91
2023-06-26,Product_4,10,94.64302564832637,Customer_62
2023-04-03,Product_10,10,34.86580819618281,Customer_57
2023-07-13,Product_8,5,39.28374711617724,Customer_11
2023-07-02,Product_3,10,78.90459911314439,Customer_30
2023-04-16,Product_4,8,22.833467627797013,Customer_54
2023-06-12,Product_2,7,80.67600636445027,Customer_79
2023-11-28,Product_7,2,24.96420163574772,Customer_98
2023-02-03,Product_6,6,17.758658668842852,Customer_99
2023-12-13,Product_9,6,75.84715618935097,Customer_96
2023-08-24,Product_5,5,40.13141046131849,Customer_32
2023-07-02,Product_2,2,79.59841191994863,Customer_16
2023-05-22,Product_7,7,26.050915567621757,Customer_17
2023-02-04,Product_3,4,41.819034383564656,Customer_44
2023-07-13,Product_1,4,96.57836743275766,Customer_81
2023-10-04,Product_4,10,11.390818962796292,Customer_83
2023-08-11,Product_4,9,70.94830340449946,Customer_2
2023-11-04,Product_6,8,98.69714845787458,Customer_82
2023-02-03,Product_1,3,37.00571846490206,Customer_31
2023-03-23,Product_10,9,65.14514644339943,Customer_35
2023-10-24,Product_5,5,29.542838872445046,Customer_21
2023-02-20,Product_8,6,62.34681480760487,Customer_15
2023-11-14,Product_8,8,28.42945317136737,Customer_88
2023-03-02,Product_7,2,34.394627469627416,Customer_80
2023-04-12,Product_8,3,81.46860884171173,Customer_7
2023-08-01,Product_2,5,25.249485628896437,Customer_91
2023-06-10,Product_7,3,31.381692913106146,Customer_68
2023-12-28,Product_3,3,11.438161348120042,Customer_67
2023-03-01,Product_5,1,92.83894120781216,Customer_56
2023-11-10,Product_9,10,50.40002235821691,Customer_70
2023-02-09,Product_6,6,97.36460663014162,Customer_22
2023-06-03,Product_7,2,95.17592014174068,Customer_48
2023-12-27,Product_1,10,26.454122037176273,Customer_4
2023-11-19,Product_2,2,41.0114936139353,Customer_68
2023-02-16,Product_6,9,30.387719259337747,Customer_78
2023-02-17,Product_7,7,86.17563397242613,Customer_31
2023-05-27,Product_4,6,45.68008580524266,Customer_70
2023-10-19,Product_10,7,89.99622633064001,Customer_4
2023-03-26,Product_6,3,67.56178774810365,Customer_5
2023-08-20,Product_5,7,91.95294281860932,Customer_69
2023-03-23,Product_9,2,37.54476587423676,Customer_93
2023-01-04,Product_10,5,58.995489991339916,Customer_5
2023-03-05,Product_8,7,11.540179031931986,Customer_62
2023-08-05,Product_1,10,52.0201227372301,Customer_82
2023-11-10,Product_5,5,77.69038871132324,Customer_50
2023-06-08,Product_4,3,11.810644920671443,Customer_29
2023-12-08,Product_7,2,75.22920219510318,Customer_61
2023-08-14,Product_6,6,72.52233145004045,Customer_71
2023-09-17,Product_10,8,57.914418416360476,Customer_52
2023-10-06,Product_2,8,40.77128080923775,Customer_5
2023-08-02,Product_5,10,45.94530356742584,Customer_7
2023-05-05,Product_4,1,10.405708254832017,Customer_81
2023-08-23,Product_4,1,69.76392274543424,Customer_77
2023-03-09,Product_3,6,36.87442925215113,Customer_13
2023-12-06,Product_6,10,80.0706323924767,Customer_17
2023-02-08,Product_6,4,83.33842401838665,Customer_99
2023-03-11,Product_2,6,85.81836698758666,Customer_46
2023-07-07,Product_6,5,83.22386220702093,Customer_76
2023-09-23,Product_4,1,33.470399355825464,Customer_37
2023-08-16,Product_3,10,98.06318699959681,Customer_54
2023-01-16,Product_3,8,68.7537731810636,Customer_83
2023-10-06,Product_4,5,11.591934861833527,Customer_68
2023-04-13,Product_7,2,53.13430459430876,Customer_63
2023-05-24,Product_6,1,19.85523236116901,Customer_51
2023-09-15,Product_5,5,86.3533822370811,Customer_67
2023-03-27,Product_5,8,95.1849659955817,Customer_56
2023-03-03,Product_10,5,97.65790248022815,Customer_88
2023-07-03,Product_2,9,38.74400068591241,Customer_10
2023-10-15,Product_1,2,35.69918440688199,Customer_20
2023-04-11,Product_7,4,37.50790667027579,Customer_52
2023-07-10,Product_1,10,16.180709192011545,Customer_73
2023-07-27,Product_1,6,30.12126575524823,Customer_76
2023-08-18,Product_8,7,56.40026796148541,Customer_11
2023-01-24,Product_3,8,12.848906801434794,Customer_77
2023-10-21,Product_8,9,75.65050560313394,Customer_14
2023-09-05,Product_8,2,88.73303800837705,Customer_66
2023-04-22,Product_2,2,13.21545165676155,Customer_91
2023-05-12,Product_3,4,89.25041762897001,Customer_69
2023-03-16,Product_1,10,27.93257284696737,Customer_19
2023-12-27,Product_1,1,89.76102082645284,Customer_10
2023-01-23,Product_4,2,48.735870405546784,Customer_16
2023-11-27,Product_1,1,33.26257786832001,Customer_74
2023-07-16,Product_1,5,88.9479232985196,Customer_10
2023-08-24,Product_8,10,52.73194255178266,Customer_73
2023-08-15,Product_2,5,53.64306040639076,Customer_14
2023-04-18,Product_4,7,19.055563761941748,Customer_99
2023-07-26,Product_6,6,16.16749616183722,Customer_7
2023-11-21,Product_5,8,62.5332032989143,Customer_88
2023-03-13,Product_4,4,97.8596074854822,Customer_32
2023-03-06,Product_10,5,65.93881978211635,Customer_87
2023-12-25,Product_10,2,38.11623966253573,Customer_72
2023-01-13,Product_3,5,40.003122548069655,Customer_17
2023-05-20,Product_3,2,54.93680735177643,Customer_13
2023-08-03,Product_5,5,22.61394620060964,Customer_66
2023-11-26,Product_2,7,24.759635435259646,Customer_22
2023-09-06,Product_1,2,62.900006600198495,Customer_4
2023-03-17,Product_1,7,23.694623243673984,Customer_53
2023-05-24,Product_3,5,70.40331384898403,Customer_90
2023-02-10,Product_2,7,99.54030026852942,Customer_28
2023-05-28,Product_3,10,21.71189701933861,Customer_83
2023-09-12,Product_7,8,95.24274578764246,Customer_22
2023-11-06,Product_1,8,76.91699413592576,Customer_94
2023-08-24,Product_5,9,96.76037953546665,Customer_83
2023-09-01,Product_9,3,43.5970973723193,Customer_75
2023-01-10,Product_1,1,13.689985090391406,Customer_35
2023-05-08,Product_4,6,12.821256291013947,Customer_32
2023-08-24,Product_9,8,73.75793107041298,Customer_59
2023-12-09,Product_9,9,81.04337870885631,Customer_3
2023-02-22,Product_10,6,18.17415424189347,Customer_53
2023-02-10,Product_1,9,81.24683369343423,Customer_11
2023-04-21,Product_7,8,75.161628820482,Customer_47
2023-12-21,Product_7,3,76.22025987521134,Customer_19
2023-10-04,Product_10,2,53.38139424149987,Customer_72
2023-10-13,Product_3,1,41.199468606801744,Customer_39
2023-05-13,Product_5,6,75.43764699457931,Customer_40
2023-06-15,Product_3,3,80.2740430797512,Customer_58
2023-09-08,Product_9,9,15.28210641102914,Customer_15
2023-07-09,Product_3,8,51.219993513930056,Customer_43
2023-10-20,Product_7,2,45.49921959467207,Customer_40
2023-11-26,Product_4,5,30.660268379947553,Customer_36
2023-02-20,Product_7,5,77.82580785902465,Customer_100
2023-02-25,Product_3,7,33.155353090253584,Customer_78
2023-12-16,Product_2,7,14.863118246952913,Customer_3
2023-06-26,Product_2,8,81.38159628716605,Customer_100
2023-06-02,Product_2,8,38.70428427434679,Customer_1
2023-10-22,Product_4,9,37.589164860704656,Customer_56
2023-05-20,Product_1,9,78.14083858849708,Customer_71
2023-09-26,Product_4,2,61.66637329433526,Customer_30
2023-09-01,Product_6,8,45.51419685690235,Customer_44
2023-02-17,Product_4,2,91.76886022692496,Customer_28
2023-01-05,Product_3,10,83.44366422189793,Customer_74
2023-12-11,Product_5,3,93.78604123843324,Customer_1
2023-06-20,Product_7,3,88.09301781284351,Customer_65
2023-07-19,Product_3,7,59.31121268799945,Customer_96
2023-01-17,Product_6,6,12.148764292593686,Customer_34
2023-08-26,Product_1,4,66.84291784805808,Customer_43
2023-01-01,Product_8,6,61.062409312077676,Customer_85
2023-09-03,Product_6,10,42.263428039050304,Customer_70
2023-11-07,Product_6,9,77.6815970187913,Customer_69
2023-09-25,Product_10,8,45.856959528136024,Customer_81
2023-03-12,Product_4,6,83.98895180751694,Customer_81
2023-08-15,Product_7,5,33.66202948828901,Customer_71
2023-05-12,Product_9,7,93.34214300722911,Customer_7
2023-05-22,Product_4,4,79.48933909938746,Customer_77
2023-06-01,Product_1,5,85.88532017904885,Customer_80
2023-07-14,Product_9,6,75.4408108458432,Customer_70
2023-10-24,Product_6,1,53.30740201909647,Customer_89
2023-05-07,Product_1,6,19.532487398625545,Customer_96
2023-10-12,Product_10,6,13.77083543568478,Customer_74
2023-12-04,Product_7,6,86.32547195953279,Customer_61
2023-05-14,Product_4,8,91.91273149721536,Customer_49
2023-10-08,Product_8,5,64.94681793850437,Customer_28
2023-05-18,Product_6,2,85.86757203396381,Customer_2
2023-02-20,Product_8,5,28.98181128284553,Customer_42
2023-06-01,Product_8,6,74.03667091533845,Customer_34
2023-09-21,Product_6,9,25.34299103621931,Customer_15
2023-11-18,Product_2,9,65.2973374150508,Customer_44
2023-10-25,Product_3,5,80.30145290093009,Customer_58
2023-04-23,Product_5,10,92.99486956622658,Customer_78
2023-12-07,Product_4,7,94.39015180252186,Customer_25
2023-04-05,Product_2,7,38.62935853673527,Customer_44
2023-01-10,Product_3,10,24.48967403021131,Customer_73
2023-08-15,Product_3,6,91.77861053452762,Customer_70
2023-06-02,Product_7,3,41.712088122144806,Customer_95
2023-09-23,Product_2,9,25.248114515351006,Customer_86
2023-07-09,Product_4,7,67.58128327899021,Customer_85
2023-09-20,Product_2,7,20.527747408230816,Customer_15
2023-03-04,Product_8,9,65.7124700145582,Customer_74
2023-04-21,Product_7,8,53.32946374723159,Customer_15
2023-08-09,Product_8,10,75.3435394687597,Customer_9
2023-12-23,Product_4,10,69.43054087475122,Customer_83
2023-03-15,Product_3,3,90.13530730905855,Customer_11
2023-04-15,Product_5,10,65.52408933586148,Customer_33
2023-01-28,Product_3,10,11.90740226559112,Customer_55
2023-09-18,Product_10,6,82.29589749380878,Customer_68
2023-09-27,Product_6,5,45.81083995201442,Customer_4
2023-06-06,Product_9,8,13.724934503185501,Customer_81
2023-07-03,Product_2,2,58.921234475563104,Customer_92
2023-01-23,Product_5,2,50.5525785742734,Customer_28
2023-07-22,Product_5,9,50.60362193520363,Customer_51
2023-07-04,Product_2,6,62.61323713701134,Customer_72
2023-08-09,Product_10,4,75.09567918130352,Customer_55
2023-08-10,Product_7,1,38.207833153354,Customer_39
2023-05-04,Product_7,4,22.348806836595333,Customer_88
2023-02-11,Product_8,2,79.88284643175325,Customer_15
2023-11-04,Product_6,6,89.74840501054743,Customer_78
2023-08-26,Product_4,4,74.93248840613049,Customer_64
2023-04-01,Product_3,2,96.57663553360766,Customer_12
2023-04-19,Product_2,4,65.40961766122533,Customer_88
2023-03-28,Product_9,10,49.396898606658425,Customer_19
2023-04-27,Product_6,7,68.06549507537171,Customer_27
2023-07-28,Product_6,2,73.38473096461172,Customer_88
2023-01-03,Product_10,1,33.18531190876831,Customer_6
2023-11-24,Product_3,8,78.59895114363724,Customer_48
2023-12-15,Product_9,4,57.629212319952686,Customer_35
2023-11-04,Product_4,10,36.50897996214534,Customer_40
2023-05-26,Product_9,9,11.366775344581905,Customer_30
2023-08-02,Product_3,2,83.08674936275484,Customer_66
2023-03-05,Product_8,5,45.60313803627736,Customer_82
2023-04-06,Product_5,5,52.952217290500585,Customer_31
2023-10-07,Product_4,10,35.91600645493459,Customer_33
2023-01-23,Product_2,1,14.59348413754043,Customer_98
2023-02-10,Product_2,3,64.77124165912473,Customer_95
2023-07-15,Product_9,10,86.71497733715518,Customer_18
2023-02-05,Product_6,9,59.74891798743129,Customer_35
2023-09-06,Product_10,3,44.20567758331616,Customer_87
2023-05-07,Product_9,5,50.42876820227915,Customer_64
2023-01-09,Product_1,5,51.57819849276452,Customer_48
2023-03-21,Product_4,10,27.523120676420476,Customer_72
2023-04-19,Product_7,3,76.89271473820475,Customer_1
2023-11-25,Product_10,2,54.87891296172159,Customer_45
2023-06-17,Product_2,8,63.699892013339316,Customer_50
2023-01-15,Product_7,2,16.929539179618864,Customer_86
2023-08-13,Product_4,4,88.41819411544448,Customer_45
2023-10-08,Product_6,7,37.36377019247404,Customer_82
2023-04-25,Product_2,8,89.5358642763709,Customer_93
2023-03-08,Product_1,1,67.63257938373383,Customer_53
2023-04-15,Product_1,3,99.36873880070279,Customer_85
2023-08-25,Product_3,1,76.36630295601465,Customer_13
2023-07-10,Product_3,1,48.83782275508878,Customer_70
2023-11-08,Product_1,1,69.88455703505551,Customer_80
2023-07-06,Product_6,8,10.878838038128858,Customer_35
2023-01-17,Product_8,10,69.2845837905046,Customer_57
2023-02-10,Product_1,4,71.90638154045199,Customer_53
2023-01-19,Product_6,6,13.837023621962473,Customer_36
2023-08-28,Product_3,9,16.053440387749134,Customer_85
2023-08-07,Product_3,9,84.97863735272938,Customer_89
2023-04-12,Product_2,7,54.35084855050979,Customer_29
2023-11-08,Product_5,7,19.92546436997945,Customer_33
2023-09-27,Product_9,6,64.94250106660951,Customer_82
2023-06-11,Product_4,3,66.05062449433842,Customer_3
2023-06-05,Product_1,6,54.914844235731636,Customer_8
2023-11-26,Product_7,2,30.99234572767688,Customer_77
2023-03-10,Product_3,6,33.012002729057535,Customer_62
2023-01-11,Product_9,7,58.75561186613026,Customer_19
2023-12-25,Product_3,3,64.26218807469441,Customer_80
2023-11-17,Product_8,4,48.31194513211152,Customer_19
2023-05-26,Product_8,8,66.03143253526389,Customer_71
2023-06-26,Product_2,4,31.384090679048555,Customer_13
2023-08-17,Product_8,1,85.57286725885088,Customer_14
2023-06-16,Product_5,4,97.92248766536348,Customer_91
2023-12-17,Product_6,1,30.809376391604907,Customer_1
2023-06-12,Product_6,1,59.28031219226357,Customer_63
2023-09-15,Product_9,10,24.582103895400248,Customer_27
2023-02-01,Product_6,1,11.042529751570502,Customer_19
2023-06-09,Product_3,7,24.531835322721015,Customer_44
2023-04-23,Product_4,1,14.847268728661863,Customer_85
2023-04-19,Product_6,9,72.16279808805996,Customer_88
2023-03-04,Product_10,10,90.43810539800359,Customer_78
2023-01-16,Product_5,4,12.305114617138923,Customer_82
2023-06-27,Product_4,1,64.24254588052051,Customer_66
2023-11-16,Product_9,8,44.905443715637425,Customer_49
2023-07-09,Product_8,6,95.26269132625023,Customer_18
2023-10-12,Product_1,3,76.93437092527131,Customer_78
2023-12-07,Product_1,7,93.55581558310003,Customer_7
2023-05-21,Product_6,1,77.87808254039487,Customer_50
2023-08-14,Product_5,6,23.784429409968457,Customer_51
2023-11-19,Product_10,8,49.5807117717771,Customer_58
2023-10-12,Product_7,3,15.927888525001165,Customer_81
2023-03-12,Product_1,8,25.282749637781677,Customer_2
2023-07-02,Product_10,5,84.45384607637585,Customer_6
2023-04-07,Product_2,8,73.93366904234588,Customer_38
2023-12-14,Product_8,7,83.56410425930974,Customer_39
2023-03-10,Product_3,2,51.49921022538946,Customer_100
2023-02-15,Product_10,10,91.16254811960545,Customer_72
2023-03-14,Product_3,4,79.52708295239475,Customer_2
2023-10-06,Product_4,1,80.27703944642803,Customer_39
2023-01-02,Product_7,3,98.7630993509474,Customer_9
2023-10-20,Product_5,6,83.56225592615799,Customer_15
2023-01-22,Product_7,4,31.70741206766424,Customer_85
2023-11-14,Product_2,5,22.82204308351462,Customer_81
2023-11-13,Product_9,2,35.8127999061522,Customer_44
2023-01-21,Product_6,7,67.74212647379389,Customer_38
2023-12-24,Product_1,6,29.34328179245471,Customer_39
2023-08-27,Product_7,2,87.1328352142154,Customer_97
2023-05-17,Product_5,2,61.443249611843385,Customer_95
2023-05-05,Product_3,1,32.83088555716664,Customer_100
2023-04-06,Product_4,4,41.572387713148956,Customer_54
2023-11-26,Product_10,5,60.52631036187807,Customer_47
2023-03-04,Product_10,8,89.7818345069909,Customer_61
2023-11-21,Product_4,8,73.76607388235828,Customer_3
2023-01-09,Product_4,9,18.845527130446605,Customer_30
2023-04-10,Product_3,10,56.32949923893012,Customer_71
2023-02-09,Product_8,6,98.42131577440058,Customer_24
2023-09-28,Product_9,5,15.784957597518563,Customer_54
2023-01-18,Product_7,7,32.09284304641771,Customer_37
2023-03-25,Product_7,3,49.76062509107855,Customer_23
2023-05-04,Product_6,10,24.607028774541767,Customer_6
2023-10-23,Product_3,3,68.29758616735904,Customer_82
2023-08-27,Product_10,2,46.542883192685814,Customer_47
2023-06-21,Product_7,4,67.74738998190776,Customer_25
2023-01-20,Product_5,4,96.60776742863231,Customer_94
2023-01-23,Product_2,7,89.7578956393406,Customer_53
2023-06-11,Product_4,6,51.26994557798081,Customer_83
2023-11-20,Product_8,5,19.49259952120935,Customer_75
2023-02-06,Product_4,4,43.36366953316126,Customer_2
2023-09-27,Product_5,6,11.062628365249266,Customer_51
2023-01-09,Product_6,10,48.92769996234156,Customer_78
2023-05-04,Product_5,5,20.7620122766483,Customer_93
2023-05-10,Product_10,8,21.93228269522575,Customer_8
2023-10-01,Product_4,6,46.61741503540404,Customer_86
2023-12-06,Product_9,6,87.18920065292707,Customer_25
2023-11-03,Product_2,6,27.080895723698127,Customer_45
2023-03-28,Product_4,4,18.41906492901995,Customer_19
2023-02-18,Product_5,8,33.35740904524107,Customer_24
2023-08-04,Product_4,1,34.827295128659976,Customer_88
2023-08-16,Product_8,9,59.48884707208483,Customer_88
2023-07-02,Product_4,1,44.92909248843838,Customer_62
2023-02-07,Product_10,5,75.23890265530376,Customer_94
2023-12-23,Product_6,3,18.362436347091865,Customer_36
2023-10-12,Product_2,6,49.49534579924848,Customer_100
2023-11-03,Product_8,7,59.578313266584836,Customer_74
2023-08-26,Product_10,5,49.46090554132791,Customer_60
2023-12-24,Product_3,5,39.966345365341645,Customer_92
2023-07-19,Product_2,8,12.634723514454368,Customer_35
2023-11-01,Product_9,5,33.29470558276037,Customer_48
2023-11-03,Product_9,8,85.40032751790983,Customer_3
2023-06-22,Product_5,4,58.78868506528832,Customer_78
2023-10-01,Product_9,2,58.27504663295696,Customer_57
2023-08-17,Product_7,5,98.71891484769183,Customer_47
2023-01-19,Product_1,9,45.56871390991479,Customer_20
2023-11-26,Product_4,4,37.029368609672446,Customer_95
2023-04-11,Product_5,9,91.30374370955748,Customer_64
2023-08-02,Product_1,6,55.240770621515466,Customer_47
2023-12-16,Product_6,9,57.0112634799637,Customer_91
2023-08-25,Product_5,4,71.60488817896334,Customer_33
2023-08-28,Product_1,3,85.33863184749842,Customer_42
2023-10-28,Product_8,5,48.92581984391531,Customer_40
2023-10-08,Product_4,8,69.36280788892401,Customer_98
2023-11-10,Product_9,1,38.03516155112699,Customer_51
2023-10-22,Product_2,3,69.6478667386731,Customer_94
2023-01-14,Product_8,10,58.39431442539198,Customer_47
2023-04-15,Product_5,10,58.344952875107126,Customer_84
2023-02-17,Product_3,5,20.669704088146716,Customer_1
2023-08-21,Product_5,5,24.505568347125823,Customer_4
2023-08-09,Product_9,5,66.17703809550608,Customer_5
2023-12-23,Product_5,3,31.38758515833633,Customer_6
2023-10-20,Product_7,7,54.42944425311613,Customer_86
2023-08-08,Product_3,5,66.24806171830957,Customer_54
2023-12-18,Product_9,9,74.39772364891189,Customer_55
2023-03-13,Product_7,8,85.16092732247328,Customer_39
2023-04-21,Product_3,1,68.4995116581971,Customer_11
2023-08-16,Product_5,5,33.56601603775694,Customer_40
2023-02-06,Product_5,4,47.15904523021585,Customer_76
2023-09-12,Product_5,7,45.317145891396756,Customer_56
2023-05-14,Product_6,5,73.60167981437421,Customer_83
2023-10-25,Product_3,7,17.242984631252373,Customer_38
2023-02-16,Product_5,4,25.11224895671965,Customer_80
2023-01-13,Product_5,9,73.05789343796324,Customer_52
2023-11-02,Product_6,1,59.47380879553526,Customer_51
2023-11-21,Product_2,8,80.2688445510503,Customer_18
2023-08-02,Product_9,5,57.53140403263282,Customer_81
2023-07-28,Product_5,8,67.22703815448224,Customer_54
2023-01-17,Product_2,3,64.11973591641517,Customer_96
2023-09-28,Product_9,10,25.11072309257076,Customer_27
2023-05-27,Product_7,10,10.241398269208164,Customer_82
2023-03-28,Product_2,9,63.96024423173038,Customer_30
2023-04-18,Product_10,2,72.8920712468841,Customer_2
2023-10-24,Product_8,10,38.04643283759225,Customer_70
2023-02-07,Product_10,1,43.4911190672289,Customer_49
2023-09-25,Product_3,3,62.72519936008043,Customer_24
2023-12-02,Product_6,6,90.83613777192357,Customer_44
2023-06-26,Product_4,1,36.81768472002354,Customer_91
2023-08-24,Product_3,2,57.219522333945115,Customer_99
2023-06-16,Product_8,8,18.270131875121155,Customer_52
2023-06-01,Product_6,10,65.69959781002487,Customer_90
2023-10-12,Product_5,4,90.47821324417585,Customer_51
2023-12-21,Product_4,10,42.048363026657405,Customer_74
2023-10-24,Product_3,5,47.801390068580034,Customer_43
2023-07-25,Product_2,10,59.01536360145652,Customer_45
2023-11-15,Product_4,1,33.862596236321615,Customer_22
2023-02-24,Product_9,9,33.88743925272426,Customer_10
2023-05-11,Product_1,8,84.7350740988059,Customer_10
2023-04-13,Product_9,10,26.855641664520945,Customer_45
2023-08-13,Product_9,10,12.958435965423035,Customer_34
2023-07-26,Product_3,4,65.11499620825792,Customer_81
2023-11-27,Product_10,3,93.96503156587411,Customer_61
2023-12-15,Product_7,7,24.836906294555853,Customer_43
2023-06-14,Product_9,7,58.72239481599872,Customer_41
2023-11-28,Product_9,9,21.85507832879169,Customer_46
2023-12-12,Product_5,8,71.58082440610245,Customer_18
2023-09-28,Product_1,1,74.59762827668624,Customer_78
2023-10-23,Product_7,8,80.9190319582414,Customer_30
2023-03-16,Product_4,3,11.080907127061497,Customer_83
2023-04-21,Product_6,7,65.84819578675064,Customer_31
2023-04-23,Product_2,7,63.13747599496681,Customer_24
2023-02-13,Product_6,9,94.46069318439712,Customer_80
2023-04-12,Product_3,7,73.68497561206023,Customer_5
2023-06-02,Product_9,10,51.73740839023823,Customer_83
2023-09-17,Product_9,6,86.9222063263707,Customer_3
2023-09-17,Product_8,6,14.50741146436445,Customer_42
2023-01-08,Product_3,4,87.76830782767122,Customer_54
2023-06-08,Product_8,5,34.898929782589015,Customer_1
2023-01-17,Product_2,1,87.198775944057,Customer_6
2023-02-18,Product_3,9,34.13756830994024,Customer_72
2023-04-06,Product_2,4,57.86522116808459,Customer_52
2023-01-21,Product_10,1,27.079368416103772,Customer_13
2023-01-21,Product_2,1,93.07430599223373,Customer_9
2023-07-04,Product_1,5,51.298731366279135,Customer_6
